Radicado	Acta Conciliacion	Prefijo Factura	# Factura	CONCATENAR	NOTA CREDITO	Valor Factura	Total Glosas	Valor Aceptado en Conciliacion
457322	AC000456	HUS	403288	HUS403288	263271	$ 7.408.573	$ 1.056.941	$ 448.218
457325	AC000456	HUS	404136	HUS404136	263272	$ 2.169.054	$ 61.708	$ 10.218
459107	AC000456	HUS	409872	HUS409872	263278	$ 6.913.001	$ 2.099.810	$ 2.099.810
459110	AC000456	HUS	409574	HUS409574	263275	$ 780.504	$ 203.129	$ 2.371
459111	AC000456	HUS	410233	HUS410233	263280	$ 692.886	$ 89.007	$ 2.371
460616	AC000456	HUS	411234	HUS411234	263288	$ 812.155	$ 115.942	$ 12.589
460902	AC000456	HUS	409690	HUS409690	263277	$ 69.112.688	$ 835.556	$ 835.556
460903	AC000456	HUS	409981	HUS409981	263279	$ 65.689.969	$ 3.620.721	$ 3.620.721
462914	AC000456	HUS	410302	HUS410302	263282	$ 3.605.232	$ 2.351.828	$ 398.580
462915	AC000456	HUS	410675	HUS410675	263284	$ 7.390.337	$ 245.072	$ 245.072
463182	AC000456	HUS	411338	HUS411338	263290	$ 1.294.449	$ 124.639	$ 10.218
463183	AC000456	HUS	411363	HUS411363	263294	$ 38.844.384	$ 15.420.534	$ 132.151
484089	AC000456	HUS	411587	HUS411587	263295	$ 1.538.893	$ 79.407	$ 2.371
486580	AC000456	HUS	409451	HUS409451	263273	$ 17.412.784	$ 861.434	$ 861.434
486582	AC000456	HUS	409621	HUS409621	263276	$ 53.085.413	$ 12.381.641	$ 2.037.741
486586	AC000456	HUS	410919	HUS410919	224061	$ 10.812.482	$ 2.391.480	$ 1.594.320
486587	AC000456	HUS	410979	HUS410979	263286	$ 30.096.737	$ 11.160.446	$ 1.288.699
486591	AC000456	HUS	412364	HUS412364	263297	$ 53.018.208	$ 5.487.772	$ 1.199.497
487366	AC000456	HUS	413073	HUS413073	263299	$ 23.673.325	$ 551.034	$ 551.034
487367	AC000456	HUS	413469	HUS413469	263305	$ 29.144.821	$ 260.636	$ 10.218
488049	AC000456	HUS	413462	HUS413462	263304	$ 74.814.597	$ 191.400	$ 141.000
492345	AC000456	HUS	413118	HUS413118	263301	$ 8.730.432	$ 243.359	$ 243.359
492346	AC000456	HUS	413266	HUS413266	263303	$ 4.237.047	$ 458.490	$ 458.490
494537	AC000456	HUS	413049	HUS413049	232654	$ 11.372.469	$ 593.991	$ 195.411
496098	AC000456	HUS	413269	HUS413269	233402	$ 796.607	$ 48.350	$ 3.700
499087		HUS	415591	HUS415591	301901	$ 4.994.737	$ 294.246	$ 129.388
514190		HUS	416671	HUS416671	301906	$ 20.880.710	$ 4.295.847	$ 165.000
518553		HUS	412682	HUS412682	234345	$ 25.481.600	$ 3.320.127	$ 924.255
521665		HUS	417459	HUS417459	234326	$ 16.632.959	$ 4.282.669	$ 2.728.811
523118		HUS	418147	HUS418147	301962	$ 6.637.772	$ 216.048	$ 216.048
533288		HUS	420690	HUS420690	301966	$ 16.131.730	$ 12.674.327	$ 4.353.238
533289		HUS	420727	HUS420727	301970	$ 22.175.283	$ 3.342.414	$ 2.142.081
559515		HUS	420752	HUS420752	243808	$ 85.111.531	$ 3.259.840	$ 1.594.320
560611	AC000619	HUS	420099	HUS420099	243804	$ 3.757.260	$ 161.635	$ 79.407
560613		HUS	421733	HUS421733	243806	$ 20.627.343	$ 2.111.169	$ 108.024
562326		HUS	418576	HUS418576	243803	$ 2.518.999	$ 1.195.740	$ 1.195.740
568849	AC000619	HUS	420160	HUS420160	243805	$ 4.170.179	$ 42.800	$ 42.800
590745		HUS	426076	HUS426076	301997	$ 62.634.156	$ 356.712	$ 141.000
594169		HUS	426037	HUS426037	301998	$ 45.083.083	$ 6.200.439	$ 1.131.180
614223		HUS	421920	HUS421920	302000	$ 24.829.939	$ 3.738.804	$ 3.738.804
614224		HUS	423686	HUS423686	302003	$ 101.352.213	$ 21.769.990	$ 2.629.580
628451		HUS	428425	HUS428425	302004	$ 17.268.985	$ 2.912.151	$ 1.684.640
628452		HUS	428523	HUS428523	264866	$ 105.004.293	$ 6.652.551	$ 934.881
632474		HUS	432263	HUS432263	302009	$ 9.298.784	$ 339.200	$ 339.200
633783		HUS	431771	HUS431771	302023	$ 110.200.305	$ 18.766.142	$ 677.168
633788		HUS	433664	HUS433664	302024	$ 68.409.212	$ 3.936.959	$ 878.704
633797	AC000619	HUS	431722	HUS431722	263345	$ 1.263.205	$ 3.700	$ 3.700
635357	AC000618	HUS	432292	HUS432292	264612	$ 11.941.644	$ 3.776.175	$ 238.614
637709		HUS	432884	HUS432884	264915	$ 88.888.445	$ 5.817.798	$ 5.225.086
637718		HUS	435485	HUS435485	264792	$ 27.102.523	$ 1.662.440	$ 1.662.440
640279		HUS	439635	HUS439635	264922	$ 8.895.762	$ 4.516.942	$ 672.342
640425		HUS	435811	HUS435811	265504	$ 3.677.286	$ 9.400	$ 9.400
640426	AC000619	HUS	437357	HUS437357	265503	$ 3.795.799	$ 4.700	$ 4.700
641016		HUS	437582	HUS437582	265050	$ 110.245.982	$ 16.423.059	$ 4.661.079
670495		HUS	440319	HUS440319	302110	$ 35.898.903	$ 30.661.200	$ 4.901.825
670496		HUS	440328	HUS440328	302111	$ 19.152.692	$ 13.553.900	$ 2.168.866
673350		HUS	446260	HUS446260	302114	$ 34.214.349	$ 33.777.499	$ 4.302.466
807297		HUS	468094	HUS468094	309385	$ 1.251.735	$ 53.319	$ 53.319
808495	AC000862	HUS	466879	HUS466879	309352	$ 87.835	$ 5.746	$ 5.746
808496	AC000862	HUS	466886	HUS466886	309354	$ 114.236	$ 7.473	$ 7.473
808497	AC000862	HUS	466991	HUS466991	309365	$ 114.236	$ 7.473	$ 7.473
808498	AC000862	HUS	467088	HUS467088	309366	$ 114.236	$ 7.473	$ 7.473
808499	AC000862	HUS	467138	HUS467138	309368	$ 114.236	$ 7.473	$ 7.473
808588	AC000862	HUS	466035	HUS466035	309244	$ 247.765	$ 16.209	$ 16.209
808589	AC000862	HUS	466053	HUS466053	309247	$ 247.765	$ 16.209	$ 16.209
808590	AC000862	HUS	466080	HUS466080	309249	$ 247.765	$ 16.209	$ 16.209
808591	AC000862	HUS	466095	HUS466095	309252	$ 247.765	$ 16.209	$ 16.209
808593	AC000862	HUS	466136	HUS466136	309256	$ 247.765	$ 16.209	$ 16.209
808594	AC000862	HUS	466160	HUS466160	309261	$ 247.765	$ 16.209	$ 16.209
808595	AC000862	HUS	466172	HUS466172	309264	$ 247.765	$ 16.209	$ 16.209
809034	AC000862	HUS	466703	HUS466703	309292	$ 674.214	$ 160.330	$ 160.330
809035	AC000862	HUS	466712	HUS466712	309297	$ 674.214	$ 160.330	$ 160.330
809037	AC000862	HUS	466723	HUS466723	309299	$ 674.214	$ 160.330	$ 160.330
809038	AC000862	HUS	466734	HUS466734	309300	$ 114.236	$ 7.473	$ 7.473
809039	AC000862	HUS	466785	HUS466785	309307	$ 80.775	$ 19.209	$ 19.209
809040	AC000862	HUS	466845	HUS466845	309322	$ 674.214	$ 160.330	$ 160.330
809043	AC000862	HUS	466852	HUS466852	309324	$ 674.214	$ 160.330	$ 160.330
809045	AC000862	HUS	466856	HUS466856	309327	$ 674.214	$ 160.330	$ 160.330
809046	AC000862	HUS	466867	HUS466867	309349	$ 674.214	$ 160.330	$ 160.330
809047	AC000862	HUS	466919	HUS466919	309357	$ 114.236	$ 7.473	$ 7.473
809048	AC000862	HUS	467147	HUS467147	309369	$ 674.214	$ 160.330	$ 160.330
809049	AC000862	HUS	467159	HUS467159	309371	$ 87.835	$ 5.746	$ 5.746
809050	AC000862	HUS	467195	HUS467195	309372	$ 674.214	$ 160.330	$ 160.330
809579	AC000862	HUS	466096	HUS466096	309255	$ 114.236	$ 7.473	$ 7.473
809580	AC000862	HUS	466179	HUS466179	309265	$ 247.765	$ 16.209	$ 16.209
809581	AC000862	HUS	466203	HUS466203	309269	$ 247.765	$ 16.209	$ 16.209
810522	AC000862	HUS	469578	HUS469578	309254	$ 80.775	$ 19.209	$ 19.209
810700	AC000862	HUS	467776	HUS467776	309374	$ 179.905	$ 33.640	$ 33.640
810703	AC000862	HUS	467812	HUS467812	309380	$ 179.030	$ 33.477	$ 33.477
811242	AC000862	HUS	466775	HUS466775	309302	$ 80.775	$ 19.209	$ 19.209
811243	AC000862	HUS	466781	HUS466781	309305	$ 114.236	$ 7.473	$ 7.473
811245	AC000862	HUS	466797	HUS466797	309310	$ 145.520	$ 9.520	$ 9.520
811246	AC000862	HUS	466802	HUS466802	309312	$ 674.214	$ 160.330	$ 160.330
811249	AC000862	HUS	466823	HUS466823	309315	$ 80.775	$ 19.209	$ 19.209
811252	AC000862	HUS	466839	HUS466839	309318	$ 80.775	$ 19.209	$ 19.209
811253	AC000862	HUS	466842	HUS466842	309321	$ 674.214	$ 160.330	$ 160.330
811254	AC000862	HUS	466859	HUS466859	309332	$ 674.214	$ 160.330	$ 160.330
811255	AC000862	HUS	466862	HUS466862	309334	$ 80.775	$ 19.209	$ 19.209
811256	AC000862	HUS	466863	HUS466863	309336	$ 674.214	$ 160.330	$ 160.330
811257	AC000862	HUS	466864	HUS466864	309339	$ 674.214	$ 160.330	$ 160.330
811258	AC000862	HUS	466865	HUS466865	309347	$ 674.214	$ 160.330	$ 160.330
811305	AC000862	HUS	467356	HUS467356	309373	$ 114.236	$ 7.473	$ 7.473
811653	AC000862	HUS	466248	HUS466248	309273	$ 247.765	$ 16.209	$ 16.209
811654	AC000862	HUS	466249	HUS466249	309275	$ 247.765	$ 16.209	$ 16.209
811655	AC000862	HUS	466252	HUS466252	309278	$ 247.765	$ 16.209	$ 16.209
811656	AC000862	HUS	466256	HUS466256	309281	$ 247.765	$ 16.209	$ 16.209
811658	AC000862	HUS	466326	HUS466326	309284	$ 247.765	$ 16.209	$ 16.209
811659	AC000862	HUS	466331	HUS466331	309287	$ 247.765	$ 16.209	$ 16.209
811691		HUS	466929	HUS466929	309363	$ 2.241.863	$ 177.651	$ 177.651
814076	AC000862	HUS	468341	HUS468341	309394	$ 247.765	$ 16.209	$ 16.209
814084	AC000862	HUS	469545	HUS469545	309251	$ 80.775	$ 19.209	$ 19.209
814085	AC000862	HUS	470539	HUS470539	309358	$ 114.236	$ 7.473	$ 7.473
814089	AC000862	HUS	468165	HUS468165	309388	$ 114.236	$ 7.473	$ 7.473
814090	AC000862	HUS	468348	HUS468348	309396	$ 114.236	$ 7.473	$ 7.473
814098	AC000862	HUS	470320	HUS470320	309320	$ 247.765	$ 16.209	$ 16.209
814099	AC000862	HUS	470326	HUS470326	309325	$ 247.765	$ 16.209	$ 16.209
814101	AC000862	HUS	470373	HUS470373	309328	$ 674.214	$ 160.330	$ 160.330
814103	AC000862	HUS	470474	HUS470474	309351	$ 373.171	$ 24.413	$ 24.413
814113	AC000862	HUS	470966	HUS470966	306643	$ 674.214	$ 1.602	$ 1.602
814435	AC000862	HUS	468326	HUS468326	309393	$ 114.236	$ 7.473	$ 7.473
814439	AC000862	HUS	469750	HUS469750	309259	$ 114.236	$ 7.473	$ 7.473
814440	AC000862	HUS	469825	HUS469825	309267	$ 87.835	$ 5.746	$ 5.746
814441	AC000862	HUS	469833	HUS469833	309268	$ 247.765	$ 16.209	$ 16.209
814442	AC000862	HUS	469836	HUS469836	309271	$ 247.765	$ 16.209	$ 16.209
814443	AC000862	HUS	469856	HUS469856	309274	$ 247.765	$ 16.209	$ 16.209
814444	AC000862	HUS	470409	HUS470409	309337	$ 179.905	$ 33.640	$ 33.640
814445	AC000862	HUS	470410	HUS470410	309341	$ 122.797	$ 29.202	$ 29.202
816444	AC000862	HUS	467966	HUS467966	309382	$ 247.765	$ 168.665	$ 16.209
816445	AC000862	HUS	467967	HUS467967	309383	$ 114.236	$ 35.136	$ 7.473
816446	AC000862	HUS	467969	HUS467969	309384	$ 87.835	$ 8.735	$ 5.746
817172	AC000862	HUS	470435	HUS470435	309343	$ 114.236	$ 7.473	$ 7.473
817173	AC000862	HUS	470448	HUS470448	309345	$ 247.765	$ 16.209	$ 16.209
817174	AC000862	HUS	470573	HUS470573	309408	$ 247.765	$ 16.209	$ 16.209
817175	AC000862	HUS	470579	HUS470579	309410	$ 247.765	$ 16.209	$ 16.209
817372	AC000862	HUS	468344	HUS468344	309395	$ 247.765	$ 16.209	$ 16.209
817373	AC000862	HUS	468352	HUS468352	309397	$ 247.765	$ 16.209	$ 16.209
817374	AC000862	HUS	468358	HUS468358	309398	$ 114.236	$ 7.473	$ 7.473
817375	AC000862	HUS	468366	HUS468366	309399	$ 114.236	$ 7.473	$ 7.473
817376	AC000862	HUS	468376	HUS468376	309400	$ 247.765	$ 16.209	$ 16.209
817377	AC000862	HUS	468394	HUS468394	309401	$ 114.236	$ 7.473	$ 7.473
817378	AC000862	HUS	468399	HUS468399	309403	$ 80.775	$ 19.209	$ 19.209
817379	AC000862	HUS	468406	HUS468406	309404	$ 114.236	$ 7.473	$ 7.473
817380	AC000862	HUS	468412	HUS468412	309406	$ 114.236	$ 7.473	$ 7.473
817381	AC000862	HUS	468417	HUS468417	309407	$ 87.835	$ 5.746	$ 5.746
817386	AC000862	HUS	467896	HUS467896	309381	$ 114.236	$ 7.473	$ 7.473
817392	AC000862	HUS	469635	HUS469635	309258	$ 80.775	$ 19.209	$ 19.209
817393	AC000862	HUS	469775	HUS469775	309262	$ 114.236	$ 7.473	$ 7.473
817397	AC000862	HUS	470032	HUS470032	309285	$ 114.236	$ 7.473	$ 7.473
817398	AC000862	HUS	470221	HUS470221	309309	$ 247.765	$ 16.209	$ 16.209
817399	AC000862	HUS	470277	HUS470277	309316	$ 114.236	$ 7.473	$ 7.473
817401	AC000862	HUS	469944	HUS469944	309280	$ 190.964	$ 45.411	$ 45.411
817402	AC000862	HUS	469946	HUS469946	309283	$ 235.497	$ 44.036	$ 44.036
817408	AC000862	HUS	470157	HUS470157	309290	$ 373.171	$ 24.413	$ 24.413
817409	AC000862	HUS	470163	HUS470163	309303	$ 122.797	$ 29.202	$ 29.202
817412	AC000862	HUS	470569	HUS470569	309379	$ 247.765	$ 16.209	$ 16.209
818542	AC000862	HUS	468178	HUS468178	309389	$ 87.835	$ 5.747	$ 5.747
818544	AC000862	HUS	468256	HUS468256	309391	$ 87.835	$ 5.747	$ 5.747
818546	AC000862	HUS	470083	HUS470083	309288	$ 80.775	$ 19.209	$ 19.209
818547	AC000862	HUS	470452	HUS470452	309348	$ 247.765	$ 16.209	$ 16.209
818548	AC000862	HUS	470530	HUS470530	309355	$ 80.775	$ 19.209	$ 19.209
818549	AC000862	HUS	470672	HUS470672	309411	$ 80.775	$ 19.209	$ 19.209
818550	AC000862	HUS	470707	HUS470707	309413	$ 247.765	$ 16.209	$ 16.209
818551	AC000862	HUS	470796	HUS470796	309414	$ 80.775	$ 19.209	$ 19.209
826410	AC000862	HUS	468238	HUS468238	309390	$ 114.236	$ 33.436	$ 7.473
826411	AC000862	HUS	469882	HUS469882	309277	$ 247.765	$ 166.965	$ 16.209
830709		HUS	470252	HUS470252	309313	$ 852.517	$ 88.690	$ 88.690
834390	AC000862	HUS	472276	HUS472276	309402	$ 80.775	$ 19.209	$ 19.209
834391	AC000862	HUS	472286	HUS472286	309405	$ 80.775	$ 19.209	$ 19.209
834392	AC000862	HUS	472294	HUS472294	309409	$ 80.775	$ 19.209	$ 19.209
834394	AC000862	HUS	472335	HUS472335	309412	$ 674.214	$ 160.330	$ 160.330
834397	AC000862	HUS	472373	HUS472373	309415	$ 122.797	$ 29.202	$ 29.202
858359	AC000862	HUS	479949	HUS479949	309248	$ 247.765	$ 16.209	$ 16.209
858360	AC000862	HUS	479966	HUS479966	309250	$ 247.765	$ 16.209	$ 16.209
858361	AC000862	HUS	480056	HUS480056	309257	$ 114.236	$ 7.473	$ 7.473
858396	AC000862	HUS	480790	HUS480790	309298	$ 247.765	$ 16.209	$ 16.209
858397	AC000862	HUS	481269	HUS481269	309319	$ 114.236	$ 7.473	$ 7.473
858590	AC000862	HUS	479706	HUS479706	309245	$ 373.171	$ 24.414	$ 24.414
858591	AC000862	HUS	479849	HUS479849	309246	$ 114.236	$ 7.474	$ 7.474
858592	AC000862	HUS	479989	HUS479989	309253	$ 674.214	$ 160.331	$ 160.331
861104	AC000862	HUS	480543	HUS480543	309272	$ 114.236	$ 7.473	$ 7.473
861105	AC000862	HUS	480940	HUS480940	309301	$ 114.236	$ 7.473	$ 7.473
861106	AC000862	HUS	481159	HUS481159	309311	$ 114.236	$ 7.473	$ 7.473
861107	AC000862	HUS	481245	HUS481245	309317	$ 114.236	$ 7.473	$ 7.473
861108	AC000862	HUS	481307	HUS481307	309323	$ 247.765	$ 16.209	$ 16.209
861109	AC000862	HUS	481314	HUS481314	309329	$ 247.765	$ 16.209	$ 16.209
861111	AC000862	HUS	481336	HUS481336	309331	$ 114.236	$ 7.473	$ 7.473
861112	AC000862	HUS	481348	HUS481348	309333	$ 114.236	$ 7.473	$ 7.473
861498	AC000862	HUS	480699	HUS480699	309282	$ 247.765	$ 16.209	$ 16.209
861499	AC000862	HUS	480735	HUS480735	309291	$ 114.236	$ 7.473	$ 7.473
861500	AC000862	HUS	480788	HUS480788	309296	$ 114.236	$ 7.473	$ 7.473
862825	AC000862	HUS	481068	HUS481068	309304	$ 674.214	$ 160.331	$ 160.331
862827	AC000862	HUS	481189	HUS481189	309314	$ 114.236	$ 7.474	$ 7.474
862828	AC000862	HUS	481308	HUS481308	309326	$ 80.775	$ 19.209	$ 19.209
862829	AC000862	HUS	481388	HUS481388	309335	$ 114.236	$ 7.474	$ 7.474
862830	AC000862	HUS	481407	HUS481407	309338	$ 114.236	$ 7.474	$ 7.474
862831	AC000862	HUS	481538	HUS481538	309340	$ 114.236	$ 7.474	$ 7.474
862832	AC000862	HUS	481852	HUS481852	309346	$ 114.236	$ 7.474	$ 7.474
862833	AC000862	HUS	481915	HUS481915	309353	$ 114.236	$ 7.474	$ 7.474
862834	AC000862	HUS	481941	HUS481941	309356	$ 114.236	$ 7.474	$ 7.474
865194	AC000862	HUS	482898	HUS482898	309359	$ 114.236	$ 7.473	$ 7.473
865195	AC000862	HUS	482981	HUS482981	309360	$ 247.765	$ 19.209	$ 16.209
865196	AC000862	HUS	483049	HUS483049	309361	$ 114.236	$ 7.473	$ 7.473
865199	AC000862	HUS	483189	HUS483189	309362	$ 87.835	$ 19.209	$ 5.746
865200	AC000862	HUS	483269	HUS483269	309367	$ 87.835	$ 19.209	$ 5.746
865201	AC000862	HUS	483283	HUS483283	309370	$ 114.236	$ 7.473	$ 7.473
865202	AC000862	HUS	483332	HUS483332	309375	$ 3.305.225	$ 216.230	$ 216.230
865203	AC000862	HUS	483542	HUS483542	309376	$ 247.765	$ 19.209	$ 16.209
865204	AC000862	HUS	483556	HUS483556	309377	$ 114.236	$ 7.473	$ 7.473
865205	AC000862	HUS	483819	HUS483819	309378	$ 80.775	$ 16.209	$ 16.209
865645	AC000862	HUS	480185	HUS480185	309263	$ 80.775	$ 19.209	$ 19.209
865647		HUS	480692	HUS480692	309276	$ 381.928	$ 90.822	$ 90.822
865648	AC000862	HUS	480696	HUS480696	309279	$ 190.964	$ 45.411	$ 45.411
865651	AC000862	HUS	480714	HUS480714	309286	$ 190.964	$ 45.411	$ 45.411
865652	AC000862	HUS	480719	HUS480719	309289	$ 190.964	$ 45.411	$ 45.411
865653	AC000862	HUS	480751	HUS480751	309293	$ 190.964	$ 45.411	$ 45.411
865654	AC000862	HUS	480756	HUS480756	309294	$ 190.964	$ 45.411	$ 45.411
865655	AC000862	HUS	480760	HUS480760	309295	$ 190.964	$ 45.411	$ 45.411
865656	AC000862	HUS	481848	HUS481848	309344	$ 114.236	$ 7.473	$ 7.473
865657	AC000862	HUS	481856	HUS481856	309350	$ 114.236	$ 7.473	$ 7.473
866917	AC000862	HUS	480207	HUS480207	309266	$ 87.835	$ 5.747	$ 5.747
866918	AC000862	HUS	480260	HUS480260	309270	$ 87.835	$ 5.747	$ 5.747
866970	AC000862	HUS	481153	HUS481153	309308	$ 114.236	$ 7.474	$ 7.474
866971	AC000862	HUS	481322	HUS481322	309330	$ 114.236	$ 7.474	$ 7.474
866972	AC000862	HUS	481576	HUS481576	309342	$ 87.835	$ 5.747	$ 5.747
868447	AC000862	HUS	480181	HUS480181	309260	$ 114.236	$ 23.606	$ 7.473
868448	AC000862	HUS	481072	HUS481072	309306	$ 187.855	$ 12.290	$ 12.290
