GESTOR	CONCATENAR	NOTA CREDITO
CAMILO	HUS0000466035	309244
CAMILO	HUS0000466053	309247
CAMILO	HUS0000466080	309249
CAMILO	HUS0000466095	309252
CAMILO	HUS0000466096	309255
CAMILO	HUS0000466136	309256
CAMILO	HUS0000466160	309261
CAMILO	HUS0000466172	309264
CAMILO	HUS0000466179	309265
CAMILO	HUS0000466203	309269
CAMILO	HUS0000466248	309273
CAMILO	HUS0000466249	309275
CAMILO	HUS0000466252	309278
CAMILO	HUS0000466256	309281
CAMILO	HUS0000466326	309284
CAMILO	HUS0000466331	309287
CAMILO	HUS0000466703	309292
CAMILO	HUS0000466712	309297
CAMILO	HUS0000466723	309299
CAMILO	HUS0000466734	309300
CAMILO	HUS0000466775	309302
CAMILO	HUS0000466781	309305
CAMILO	HUS0000466785	309307
CAMILO	HUS0000466797	309310
CAMILO	HUS0000466802	309312
CAMILO	HUS0000466823	309315
CAMILO	HUS0000466839	309318
CAMILO	HUS0000466842	309321
CAMILO	HUS0000466845	309322
CAMILO	HUS0000466852	309324
CAMILO	HUS0000466856	309327
CAMILO	HUS0000466859	309332
CAMILO	HUS0000466862	309334
CAMILO	HUS0000466863	309336
CAMILO	HUS0000466864	309339
CAMILO	HUS0000466865	309347
CAMILO	HUS0000466867	309349
CAMILO	HUS0000466879	309352
CAMILO	HUS0000466886	309354
CAMILO	HUS0000466919	309357
CAMILO	HUS0000466929	309363
CAMILO	HUS0000466991	309365
CAMILO	HUS0000467088	309366
CAMILO	HUS0000467138	309368
CAMILO	HUS0000467147	309369
CAMILO	HUS0000467159	309371
CAMILO	HUS0000467195	309372
CAMILO	HUS0000467356	309373
CAMILO	HUS0000467776	309374
CAMILO	HUS0000467812	309380
CAMILO	HUS0000467896	309381
CAMILO	HUS0000467966	309382
CAMILO	HUS0000467967	309383
CAMILO	HUS0000467969	309384
CAMILO	HUS0000468094	309385
CAMILO	HUS0000468165	309388
CAMILO	HUS0000468178	309389
CAMILO	HUS0000468238	309390
CAMILO	HUS0000468256	309391
CAMILO	HUS0000468326	309393
CAMILO	HUS0000468341	309394
CAMILO	HUS0000468344	309395
CAMILO	HUS0000468348	309396
CAMILO	HUS0000468352	309397
CAMILO	HUS0000468358	309398
CAMILO	HUS0000468366	309399
CAMILO	HUS0000468376	309400
CAMILO	HUS0000468394	309401
CAMILO	HUS0000468399	309403
CAMILO	HUS0000468406	309404
CAMILO	HUS0000468412	309406
CAMILO	HUS0000468417	309407
CAMILO	HUS0000468419	309417
CAMILO	HUS0000468423	309419
CAMILO	HUS0000468432	309421
CAMILO	HUS0000468434	309423
CAMILO	HUS0000468442	309426
CAMILO	HUS0000468450	309427
CAMILO	HUS0000468454	309430
CAMILO	HUS0000468464	309432
CAMILO	HUS0000468469	309433
CAMILO	HUS0000468475	309435
CAMILO	HUS0000468476	309438
CAMILO	HUS0000468477	309440
CAMILO	HUS0000468481	309442
CAMILO	HUS0000468547	309450
CAMILO	HUS0000468587	309456
CAMILO	HUS0000468589	309458
CAMILO	HUS0000468592	309461
CAMILO	HUS0000468705	309462
CAMILO	HUS0000468842	309465
CAMILO	HUS0000469033	309466
CAMILO	HUS0000469062	309467
CAMILO	HUS0000469106	309469
CAMILO	HUS0000469112	309470
CAMILO	HUS0000469517	309472
CAMILO	HUS0000469536	309474
CAMILO	HUS0000469540	309476
SANCHEZ	HUS0000469545	309251
SANCHEZ	HUS0000469578	309254
SANCHEZ	HUS0000469635	309258
SANCHEZ	HUS0000469750	309259
SANCHEZ	HUS0000469775	309262
SANCHEZ	HUS0000469825	309267
SANCHEZ	HUS0000469833	309268
SANCHEZ	HUS0000469836	309271
SANCHEZ	HUS0000469856	309274
SANCHEZ	HUS0000469882	309277
SANCHEZ	HUS0000469944	309280
SANCHEZ	HUS0000469946	309283
SANCHEZ	HUS0000470032	309285
SANCHEZ	HUS0000470083	309288
SANCHEZ	HUS0000470157	309290
SANCHEZ	HUS0000470163	309303
SANCHEZ	HUS0000470221	309309
SANCHEZ	HUS0000470252	309313
SANCHEZ	HUS0000470277	309316
SANCHEZ	HUS0000470320	309320
SANCHEZ	HUS0000470326	309325
SANCHEZ	HUS0000470373	309328
SANCHEZ	HUS0000470409	309337
SANCHEZ	HUS0000470410	309341
SANCHEZ	HUS0000470435	309343
SANCHEZ	HUS0000470448	309345
SANCHEZ	HUS0000470452	309348
SANCHEZ	HUS0000470474	309351
SANCHEZ	HUS0000470530	309355
SANCHEZ	HUS0000470539	309358
SANCHEZ	HUS0000470569	309379
SANCHEZ	HUS0000470573	309408
SANCHEZ	HUS0000470579	309410
SANCHEZ	HUS0000470672	309411
SANCHEZ	HUS0000470707	309413
SANCHEZ	HUS0000470796	309414
SANCHEZ	HUS0000470811	309416
SANCHEZ	HUS0000470818	309418
SANCHEZ	HUS0000470824	309420
SANCHEZ	HUS0000470837	309422
SANCHEZ	HUS0000470845	309424
SANCHEZ	HUS0000470854	309429
SANCHEZ	HUS0000470855	309431
SANCHEZ	HUS0000470858	309434
SANCHEZ	HUS0000470938	309437
SANCHEZ	HUS0000470950	309439
SANCHEZ	HUS0000470951	309441
SANCHEZ	HUS0000470958	309444
SANCHEZ	HUS0000470966	306643
SANCHEZ	HUS0000470970	309479
SANCHEZ	HUS0000471122	309481
SANCHEZ	HUS0000471125	309483
SANCHEZ	HUS0000471127	309486
SANCHEZ	HUS0000471345	309488
SANCHEZ	HUS0000471501	309505
SANCHEZ	HUS0000471550	309508
SANCHEZ	HUS0000471552	309510
SANCHEZ	HUS0000471568	309514
SANCHEZ	HUS0000471574	309516
SANCHEZ	HUS0000471580	309519
SANCHEZ	HUS0000471591	309521
SANCHEZ	HUS0000471597	309524
SANCHEZ	HUS0000471617	309527
SANCHEZ	HUS0000471618	309532
SANCHEZ	HUS0000471620	309535
SANCHEZ	HUS0000471623	309538
SANCHEZ	HUS0000471630	309567
SANCHEZ	HUS0000471631	309571
SANCHEZ	HUS0000471632	309574
SANCHEZ	HUS0000471636	309577
SANCHEZ	HUS0000471640	309608
SANCHEZ	HUS0000471643	309610
SANCHEZ	HUS0000471645	309611
SANCHEZ	HUS0000471647	309612
SANCHEZ	HUS0000471650	309613
SANCHEZ	HUS0000471653	309615
SANCHEZ	HUS0000471658	309616
SANCHEZ	HUS0000471662	309618
SANCHEZ	HUS0000471670	309619
SANCHEZ	HUS0000471675	309620
SANCHEZ	HUS0000471679	309621
SANCHEZ	HUS0000471683	309622
SANCHEZ	HUS0000471718	309623
SANCHEZ	HUS0000471734	309624
SANCHEZ	HUS0000471735	309625
SANCHEZ	HUS0000471736	309626
SANCHEZ	HUS0000471739	309627
SANCHEZ	HUS0000471773	309628
SANCHEZ	HUS0000471807	309629
SANCHEZ	HUS0000471814	309604
SANCHEZ	HUS0000471939	309603
SANCHEZ	HUS0000472013	309602
SANCHEZ	HUS0000472030	309601
SANCHEZ	HUS0000472173	309599
SANCHEZ	HUS0000472175	309597
SANCHEZ	HUS0000472185	309596
SANCHEZ	HUS0000472207	309595
SANCHEZ	HUS0000472216	309594
SANCHEZ	HUS0000472261	309593
SANCHEZ	HUS0000472267	309592
CAROLINA	HUS0000472276	309402
CAROLINA	HUS0000472286	309405
CAROLINA	HUS0000472294	309409
CAROLINA	HUS0000472335	309412
CAROLINA	HUS0000472373	309415
CAROLINA	HUS0000472420	309428
CAROLINA	HUS0000472451	309436
CAROLINA	HUS0000472481	309443
CAROLINA	HUS0000472494	309463
CAROLINA	HUS0000472495	309485
CAROLINA	HUS0000472504	309490
CAROLINA	HUS0000472533	309492
CAROLINA	HUS0000472539	309501
CAROLINA	HUS0000472575	309504
CAROLINA	HUS0000472580	309541
CAROLINA	HUS0000472617	309548
CAROLINA	HUS0000472665	309581
CAROLINA	HUS0000472674	309582
CAROLINA	HUS0000472700	309583
CAROLINA	HUS0000472715	309584
CAROLINA	HUS0000472796	309587
CAROLINA	HUS0000472857	309590
CAROLINA	HUS0000472866	309591
CAROLINA	HUS0000472874	309598
CAROLINA	HUS0000472881	309600
CAROLINA	HUS0000472893	309605
CAROLINA	HUS0000472906	309609
CAROLINA	HUS0000472911	309614
CAROLINA	HUS0000472917	309617
CAROLINA	HUS0000472961	309631
CAROLINA	HUS0000472962	309632
CAROLINA	HUS0000472968	309635
CAROLINA	HUS0000472971	#N/D
CAROLINA	HUS0000472996	#N/D
CAROLINA	HUS0000472998	#N/D
CAROLINA	HUS0000473064	#N/D
CAROLINA	HUS0000473077	#N/D
CAROLINA	HUS0000473099	#N/D
CAROLINA	HUS0000473103	#N/D
CAROLINA	HUS0000473107	#N/D
CAROLINA	HUS0000473196	#N/D
CAROLINA	HUS0000473287	#N/D
CAROLINA	HUS0000473580	#N/D
CAROLINA	HUS0000475068	#N/D
CAROLINA	HUS0000475100	#N/D
CAROLINA	HUS0000475352	#N/D
CAROLINA	HUS0000475388	#N/D
CAROLINA	HUS0000475607	#N/D
CAROLINA	HUS0000476443	#N/D
CAROLINA	HUS0000476462	#N/D
CAROLINA	HUS0000476470	#N/D
CAROLINA	HUS0000476481	#N/D
CAROLINA	HUS0000476584	#N/D
CAROLINA	HUS0000476589	#N/D
CAROLINA	HUS0000476850	#N/D
CAROLINA	HUS0000476882	#N/D
CAROLINA	HUS0000476976	#N/D
CAROLINA	HUS0000477054	#N/D
CAROLINA	HUS0000477078	#N/D
CAROLINA	HUS0000477257	#N/D
CAROLINA	HUS0000477260	#N/D
CAROLINA	HUS0000477298	#N/D
CAROLINA	HUS0000477305	#N/D
CAROLINA	HUS0000477308	#N/D
CAROLINA	HUS0000477341	#N/D
CAROLINA	HUS0000477439	#N/D
CAROLINA	HUS0000477477	#N/D
CAROLINA	HUS0000477487	309569
CAROLINA	HUS0000477493	309566
CAROLINA	HUS0000477528	309564
CAROLINA	HUS0000477651	309562
CAROLINA	HUS0000478009	309560
CAROLINA	HUS0000478032	309558
CAROLINA	HUS0000478039	309554
CAROLINA	HUS0000478045	309553
CAROLINA	HUS0000478054	309551
CAROLINA	HUS0000478070	309545
CAROLINA	HUS0000478116	309544
CAROLINA	HUS0000478124	309542
CAROLINA	HUS0000478137	309539
CAROLINA	HUS0000478382	309536
CAROLINA	HUS0000478389	309533
CAROLINA	HUS0000478407	309528
CAROLINA	HUS0000478417	309525
CAROLINA	HUS0000478427	309523
CAROLINA	HUS0000478481	309520
CAROLINA	HUS0000478576	309517
CAROLINA	HUS0000478618	309515
CAROLINA	HUS0000478889	309513
CAROLINA	HUS0000478983	309511
CAROLINA	HUS0000479008	309509
CAROLINA	HUS0000479256	309507
CAROLINA	HUS0000479258	309503
CAROLINA	HUS0000479295	309502
CAROLINA	HUS0000479360	309500
CAROLINA	HUS0000479371	309499
CAROLINA	HUS0000479467	309498
CAROLINA	HUS0000479478	309497
CAROLINA	HUS0000479700	309496
CAROLINA	HUS0000479704	309494
YESID	HUS0000479706	309245
YESID	HUS0000479849	309246
YESID	HUS0000479949	309248
YESID	HUS0000479966	309250
YESID	HUS0000479989	309253
YESID	HUS0000480056	309257
YESID	HUS0000480181	309260
YESID	HUS0000480185	309263
YESID	HUS0000480207	309266
YESID	HUS0000480260	309270
YESID	HUS0000480543	309272
YESID	HUS0000480692	309276
YESID	HUS0000480696	309279
YESID	HUS0000480699	309282
YESID	HUS0000480714	309286
YESID	HUS0000480719	309289
YESID	HUS0000480735	309291
YESID	HUS0000480751	309293
YESID	HUS0000480756	309294
YESID	HUS0000480760	309295
YESID	HUS0000480788	309296
YESID	HUS0000480790	309298
YESID	HUS0000480940	309301
YESID	HUS0000481068	309304
YESID	HUS0000481072	309306
YESID	HUS0000481153	309308
YESID	HUS0000481159	309311
YESID	HUS0000481189	309314
YESID	HUS0000481245	309317
YESID	HUS0000481269	309319
YESID	HUS0000481307	309323
YESID	HUS0000481308	309326
YESID	HUS0000481314	309329
YESID	HUS0000481322	309330
YESID	HUS0000481336	309331
YESID	HUS0000481348	309333
YESID	HUS0000481388	309335
YESID	HUS0000481407	309338
YESID	HUS0000481538	309340
YESID	HUS0000481576	309342
YESID	HUS0000481848	309344
YESID	HUS0000481852	309346
YESID	HUS0000481856	309350
YESID	HUS0000481915	309353
YESID	HUS0000481941	309356
YESID	HUS0000482898	309359
YESID	HUS0000482981	309360
YESID	HUS0000483049	309361
YESID	HUS0000483189	309362
YESID	HUS0000483269	309367
YESID	HUS0000483283	309370
YESID	HUS0000483332	309375
YESID	HUS0000483542	309376
YESID	HUS0000483556	309377
YESID	HUS0000483819	309378
YESID	HUS0000483861	309425
YESID	HUS0000483862	309445
YESID	HUS0000483876	309447
YESID	HUS0000483927	309448
YESID	HUS0000483928	309449
YESID	HUS0000483932	309451
YESID	HUS0000483933	309453
YESID	HUS0000483934	309454
YESID	HUS0000484044	309455
YESID	HUS0000484174	309457
YESID	HUS0000484473	309459
YESID	HUS0000484492	309460
YESID	HUS0000484496	309464
YESID	HUS0000485015	309468
YESID	HUS0000485078	309471
YESID	HUS0000485080	309473
YESID	HUS0000485430	309475
YESID	HUS0000485456	309477
YESID	HUS0000485473	309478
YESID	HUS0000485509	309480
YESID	HUS0000485540	309482
YESID	HUS0000485551	309484
YESID	HUS0000485571	309487
YESID	HUS0000485707	309489
YESID	HUS0000485743	309491
YESID	HUS0000485833	309493
YESID	HUS0000485841	309495
YESID	HUS0000485911	309506
YESID	HUS0000485919	309512
YESID	HUS0000486161	309518
YESID	HUS0000486205	309522
YESID	HUS0000486232	309526
YESID	HUS0000486237	309529
YESID	HUS0000486241	309530
YESID	HUS0000486296	309534
YESID	HUS0000486377	309537
YESID	HUS0000486434	309540
YESID	HUS0000486435	309543
YESID	HUS0000486668	309546
YESID	HUS0000486713	309547
YESID	HUS0000486715	309549
YESID	HUS0000486735	309550
YESID	HUS0000486757	309552
YESID	HUS0000486770	309555
YESID	HUS0000486775	309557
YESID	HUS0000486806	309561
YESID	HUS0000486813	309565
YESID	HUS0000486860	309568
YESID	HUS0000486866	309570
YESID	HUS0000487184	309572
